<?xml version="1.0"?>
<preset>

<description>Verwenden Sie diesen Vorlagensatz, um Ergebnisse auf einer Tafel mit drei Bereichen zu sammeln.</description>

<settings>
<intro/>
<comments>0</comments>
<requiredentries>0</requiredentries>
<requiredentriestoview>0</requiredentriestoview>
<maxentries>0</maxentries>
<rssarticles>0</rssarticles>
<approval>0</approval>
<manageapproved>1</manageapproved>
<defaultsortdir>0</defaultsortdir>
<defaultsort>0</defaultsort>
</settings>

<field>
<type>text</type>
<name>Stichpunkt</name>
<required>1</required>
</field>

<field>
<type>menu</type>
<name>Tafelh&#xE4;lfte</name>
<required>1</required>
<param1>links
mittig
rechts</param1>
</field>

</preset>
