<preset>

<settings>
<intro></intro>
<comments>0</comments>
<requiredentries>0</requiredentries>
<requiredentriestoview>0</requiredentriestoview>
<maxentries>0</maxentries>
<rssarticles>0</rssarticles>
<approval>0</approval>
<manageapproved>1</manageapproved>
<defaultsortdir>0</defaultsortdir>
<defaultsort>0</defaultsort>
</settings>

<field>
<type>text</type>
<name>Teaser</name>
<required>0</required>
</field>

<field>
<type>textarea</type>
<name>Text</name>
<required>0</required>
<param2>60</param2>
<param3>25</param3>
<param4>1</param4>
<param5>0</param5>
</field>

<field>
<type>picture</type>
<name>Bild</name>
<required>0</required>
<param3>0</param3>
<param4>400</param4>
</field>

<field>
<type>text</type>
<name>Zitat</name>
<required>0</required>
</field>

<field>
<type>checkbox</type>
<name>pos. Eigenschaften</name>
<required>0</required>
<param1>😊 freundlich
🤗 fürsorglich
💪 mutig
🧠 schlau
🐝 fleißig
🙋 hilfsbereit
💡 neugierig
👋 kontaktfreudig
🤴 führt an</param1>
</field>

<field>
<type>checkbox</type>
<name>neg. Eigenschaften</name>
<required>0</required>
<param1>😠 unfreundlich
😈 böse
🐇 feige
😓 denkt langsam
🦥 faul
😒 egoistisch
😱 angsteinflößend
😔 unvorsichtig</param1>
</field>

<field>
<type>text</type>
<name>weitere Eigenschaften</name>
<required>0</required>
</field>

<field>
<type>text</type>
<name>Titel</name>
<required>1</required>
</field>

</preset>