<preset>

<settings>
<intro></intro>
<comments>0</comments>
<requiredentries>0</requiredentries>
<requiredentriestoview>0</requiredentriestoview>
<maxentries>0</maxentries>
<rssarticles>0</rssarticles>
<approval>0</approval>
<manageapproved>1</manageapproved>
<defaultsortdir>0</defaultsortdir>
<defaultsort>0</defaultsort>
</settings>

<field>
<type>text</type>
<name>Bezeichnung</name>
<required>1</required>
</field>

<field>
<type>text</type>
<name>Textzeile</name>
<required>1</required>
</field>

<field>
<type>textarea</type>
<name>Textbereich</name>
<required>0</required>
<param2>60</param2>
<param3>10</param3>
<param4>1</param4>
<param5>0</param5>
</field>

<field>
<type>file</type>
<name>Datei 1</name>
<required>0</required>
<param3>0</param3>
</field>

<field>
<type>file</type>
<name>Datei 2</name>
<required>0</required>
<param3>0</param3>
</field>

<field>
<type>picture</type>
<name>Bild 1</name>
<required>0</required>
<param3>2097152</param3>
<param4>300</param4>
</field>

<field>
<type>text</type>
<name>Bildbeschriftung 1</name>
<required>0</required>
</field>

<field>
<type>picture</type>
<name>Bild 2</name>
<required>0</required>
<param3>2097152</param3>
</field>

<field>
<type>text</type>
<name>Bildbeschriftung 2</name>
<required>0</required>
</field>

<field>
<type>picture</type>
<name>Bild 3</name>
<required>0</required>
<param3>2097152</param3>
</field>

<field>
<type>text</type>
<name>Bildbeschriftung 3</name>
<required>0</required>
</field>

<field>
<type>picture</type>
<name>Bild 4</name>
<required>0</required>
<param3>2097152</param3>
</field>

<field>
<type>text</type>
<name>Bildbeschriftung 4</name>
<required>0</required>
</field>

<field>
<type>picture</type>
<name>Bild 5</name>
<required>0</required>
<param3>2097152</param3>
</field>

<field>
<type>text</type>
<name>Bildbeschriftung 5</name>
<required>0</required>
</field>

<field>
<type>picture</type>
<name>Bild 6</name>
<required>0</required>
<param3>2097152</param3>
</field>

<field>
<type>text</type>
<name>Bildbeschriftung 6</name>
<required>0</required>
</field>

<field>
<type>menu</type>
<name>Kategorie</name>
<required>0</required>
<param1>Magnetismus (Jg. 5)
Elektrik (Jg. 5)
Optik (Jg. 5)
Mechanik (Jg. 8)
Elektrik (Jg. 8)
Energie (Jg. 8)
Elektrik (Jg. 10)
Energie (Jg. 10)
Thermodynamik (Jg. 10)
Kernphysik (Jg. 10)
Mechanik (Jg. 11)


</param1>
</field>

<field>
<type>url</type>
<name>URL 1</name>
<required>0</required>
<param1>1</param1>
<param3>1</param3>
</field>

<field>
<type>url</type>
<name>URL 2</name>
<required>0</required>
<param1>1</param1>
<param3>1</param3>
</field>

</preset>