<preset>

<settings>
<intro></intro>
<comments>0</comments>
<requiredentries>0</requiredentries>
<requiredentriestoview>0</requiredentriestoview>
<maxentries>0</maxentries>
<rssarticles>0</rssarticles>
<approval>0</approval>
<manageapproved>1</manageapproved>
<defaultsortdir>0</defaultsortdir>
<defaultsort>0</defaultsort>
</settings>

<field>
<type>picture</type>
<name>Bild</name>
<required>1</required>
<param3>0</param3>
<param4>800</param4>
</field>

<field>
<type>text</type>
<name>Bildbeschriftung</name>
<required>0</required>
</field>

<field>
<type>menu</type>
<name>Filter</name>
<required>0</required>
<param1>_1977
aden
brannan
brooklyn
clarendon
earlybird
gingham
hudson
inkwell
kelvin
lark
lofi
maven
mayfair
moon
nashville
perpetua
reyes
rise
slumber
stinson
toaster
valencia
walden
willow
xpro2</param1>
</field>

</preset>