<preset>

<settings>
<intro></intro>
<comments>1</comments>
<requiredentries>0</requiredentries>
<requiredentriestoview>0</requiredentriestoview>
<maxentries>0</maxentries>
<rssarticles>0</rssarticles>
<approval>0</approval>
<manageapproved>1</manageapproved>
<defaultsortdir>0</defaultsortdir>
<defaultsort>0</defaultsort>
</settings>

<field>
<type>text</type>
<name>Titel</name>
<required>0</required>
</field>

<field>
<type>textarea</type>
<name>Text</name>
<required>0</required>
<param2>60</param2>
<param3>15</param3>
<param4>1</param4>
<param5>0</param5>
</field>

<field>
<type>picture</type>
<name>Bild</name>
<required>0</required>
<param3>0</param3>
<param4>400</param4>
</field>

<field>
<type>menu</type>
<name>Farbe</name>
<required>0</required>
<param1>Weiß
Rot
Orange
Gelb
Grün
Blaugrün
Hellblau
Blau
Lila
Rosa
Braun
Grau</param1>
</field>

<field>
<type>menu</type>
<name>Spalte</name>
<required>1</required>
<param1>1
2
3
4
5
6
7
8
9
10
11
12</param1>
</field>

<field>
<type>file</type>
<name>Datei</name>
<required>0</required>
<param3>0</param3>
</field>

<field>
<type>menu</type>
<name>Gliederung</name>
<required>0</required>
<param1>Standard
Überschrift
1
2
3
4
5
6
7
8
9
10</param1>
</field>

<field>
<type>text</type>
<name>Kategorie</name>
<required>0</required>
</field>

</preset>