<?xml version="1.0"?>
<preset>

<description>Verwenden Sie diesen Vorlagensatz, um Ergebnisse auf einer Tafel zu sammeln.</description>

<settings>
<intro>&lt;p dir="ltr" style="text-align: left;"&gt;Trage hier die Stichpunkte ein.&lt;/p&gt;</intro>
<comments>0</comments>
<requiredentries>0</requiredentries>
<requiredentriestoview>0</requiredentriestoview>
<maxentries>0</maxentries>
<rssarticles>0</rssarticles>
<approval>0</approval>
<manageapproved>1</manageapproved>
<defaultsortdir>0</defaultsortdir>
<defaultsort>0</defaultsort>
</settings>

<field>
<type>text</type>
<name>Stichpunkt</name>
<required>0</required>
</field>

</preset>
