<preset>

<settings>
<intro></intro>
<comments>1</comments>
<requiredentries>0</requiredentries>
<requiredentriestoview>0</requiredentriestoview>
<maxentries>0</maxentries>
<rssarticles>0</rssarticles>
<approval>0</approval>
<manageapproved>1</manageapproved>
<defaultsortdir>0</defaultsortdir>
<defaultsort>0</defaultsort>
</settings>

<field>
<type>text</type>
<name>Datum</name>
<required>0</required>
</field>

<field>
<type>text</type>
<name>Ereignis</name>
<required>0</required>
</field>

<field>
<type>picture</type>
<name>Bild</name>
<required>0</required>
<param3>0</param3>
<param4>300</param4>
</field>

</preset>