<preset>

<settings>
<intro></intro>
<comments>0</comments>
<requiredentries>0</requiredentries>
<requiredentriestoview>0</requiredentriestoview>
<maxentries>0</maxentries>
<rssarticles>0</rssarticles>
<approval>0</approval>
<manageapproved>1</manageapproved>
<defaultsortdir>0</defaultsortdir>
<defaultsort>0</defaultsort>
</settings>

<field>
<type>text</type>
<name>Titel</name>
<required>1</required>
</field>

<field>
<type>picture</type>
<name>Bild</name>
<required>1</required>
<param3>0</param3>
<param4>400</param4>
</field>

<field>
<type>text</type>
<name>Bildbeschriftung</name>
<required>0</required>
</field>

<field>
<type>textarea</type>
<name>Text</name>
<required>1</required>
<param2>60</param2>
<param3>35</param3>
<param4>1</param4>
<param5>0</param5>
</field>

<field>
<type>text</type>
<name>Kategorie</name>
<required>0</required>
</field>

<field>
<type>text</type>
<name>Teaser</name>
<required>1</required>
</field>

</preset>