<preset>

<settings>
<intro></intro>
<comments>1</comments>
<requiredentries>0</requiredentries>
<requiredentriestoview>0</requiredentriestoview>
<maxentries>0</maxentries>
<rssarticles>0</rssarticles>
<approval>0</approval>
<manageapproved>1</manageapproved>
<defaultsortdir>0</defaultsortdir>
<defaultsort>0</defaultsort>
</settings>

<field>
<type>text</type>
<name>Beschreibung</name>
<required>0</required>
</field>

<field>
<type>menu</type>
<name>Status</name>
<required>1</required>
<param1>Offen
In Bearbeitung
Erledigt</param1>
</field>

<field>
<type>checkbox</type>
<name>Problem</name>
<required>1</required>
<param1>PC
Beamer
Dokucam
Mobiliar
Sonstiges</param1>
</field>

<field>
<type>menu</type>
<name>Raum</name>
<required>0</required>
<param1>B101
B102
B103
B104
B105</param1>
</field>

</preset>